timestamp,x,y,z
2025-04-02 22:50:08.921503,-0.0109955742955207,-0.0036651915870606,0.117286130785942
2025-04-02 22:50:20.958282,0.0696386396884918,-0.0097738439217209,0.1099557429552078
2025-04-02 22:50:32.995062,0.0256563406437635,-0.0244346093386411,0.0610865242779254
2025-04-02 22:50:45.031841,0.0219911485910415,-0.0122173046693205,0.0305432621389627
2025-04-02 22:50:57.068620,0.0329867228865623,-0.0158824957907199,0.0183259565383195
2025-04-02 22:51:09.105399,-0.0354301854968071,-0.0122173046693205,-0.0232128798961639
2025-04-02 22:51:21.142178,0.0097738439217209,0.0061086523346602,0.0097738439217209
2025-04-02 22:51:33.178957,0.0366519130766391,0.0109955742955207,-0.0134390350431203
2025-04-02 22:51:45.215736,-0.0024434609804302,-0.0024434609804302,-0.0244346093386411
2025-04-02 22:51:57.252515,-0.0122173046693205,0.0012217304902151,-0.0109955742955207
2025-04-02 22:52:09.289294,0.0024434609804302,0.0207694191485643,-0.0268780700862407
2025-04-02 22:52:21.326073,-0.0036651915870606,-0.0024434609804302,-0.0024434609804302
2025-04-02 22:52:33.362852,-0.0317649915814399,-0.0036651915870606,-0.0219911485910415
2025-04-02 22:52:45.399631,-0.0415388382971286,-0.0097738439217209,-0.0012217304902151
2025-04-02 22:52:57.436410,-0.0109955742955207,-0.0061086523346602,0.0244346093386411
2025-04-02 22:53:09.473189,0.0158824957907199,0.0427605658769607,-0.0122173046693205
2025-04-02 22:53:21.509968,-0.0097738439217209,-0.0048869219608604,0.0488692186772823
2025-04-02 22:53:33.546747,-0.0244346093386411,0.0757472887635231,0.0928515195846557
2025-04-02 22:53:45.583526,-0.0415388382971286,-0.0232128798961639,0.0855211317539215
2025-04-02 22:53:57.620305,-0.0696386396884918,-0.0171042270958423,-0.0280998013913631
2025-04-02 22:54:09.657084,-0.1429424732923507,0.1111774742603302,-0.0720821022987365
2025-04-02 22:54:21.693863,-0.0085521135479211,0.0354301854968071,0.067195177078247
2025-04-02 22:54:33.730642,-0.0097738439217209,-0.0183259565383195,0.0183259565383195
2025-04-02 22:54:45.767421,0.0036651915870606,-0.0696386396884918,-0.0024434609804302
2025-04-02 22:54:57.804201,-0.0293215326964855,-0.0378736443817615,-0.0293215326964855
2025-04-02 22:55:09.840980,0.0439822971820831,-0.0183259565383195,-0.1014036312699318
2025-04-02 22:55:21.877759,0.0109955742955207,-0.0684169083833694,-0.2467895597219467
2025-04-02 22:55:33.914538,0.098960168659687,-0.0781907513737678,-0.3078760802745819
2025-04-02 22:55:45.951317,0.1771509200334549,-0.0378736443817615,-0.4105014503002167
2025-04-02 22:55:57.988096,0.0207694191485643,-0.0549778714776039,-0.3213151097297668
2025-04-02 22:56:10.024875,-0.0745255574584007,-0.067195177078247,-0.4056145250797272
2025-04-02 22:56:22.061654,0.0696386396884918,-0.0134390350431203,-0.3115412890911102
2025-04-02 22:56:34.098433,-0.0244346093386411,0.1368338167667389,-0.261450320482254
2025-04-02 22:56:46.135212,0.0012217304902151,0.0293215326964855,-0.1148426681756973
2025-04-02 22:56:58.171991,0.0061086523346602,-0.0219911485910415,0.0097738439217209
2025-04-02 22:57:10.208770,-0.0171042270958423,-0.0293215326964855,0.0232128798961639
2025-04-02 22:57:22.245549,-0.0610865242779254,-0.0256563406437635,0.0427605658769607
2025-04-02 22:57:34.282328,-0.0122173046693205,0.0036651915870606,0.1356120854616165
2025-04-02 22:57:46.319107,-0.0280998013913631,-0.0024434609804302,0.1343903541564941
2025-04-02 22:57:58.355886,-0.0928515195846557,0.0537561401724815,0.1893682330846786
2025-04-02 22:58:10.392665,-0.0244346093386411,-0.0183259565383195,0.2956587672233581
2025-04-02 22:58:22.429444,-0.0500909499824047,-0.0207694191485643,0.2223549485206604
2025-04-02 22:58:34.466223,-0.0500909499824047,-0.0097738439217209,0.3176499307155609
2025-04-02 22:58:46.503002,-0.0720821022987365,0.0012217304902151,0.342084527015686
2025-04-02 22:58:58.539781,-0.0232128798961639,0.0232128798961639,0.3665191531181335
2025-04-02 22:59:10.576561,-0.0733038261532783,0.0452040284872055,0.3933972120285034
2025-04-02 22:59:22.613340,-0.0745255574584007,0.0354301854968071,0.4080579876899719
2025-04-02 22:59:34.650119,-0.0928515195846557,0.051312681287527,0.4007275998592376
2025-04-02 22:59:46.686898,-0.2528982162475586,0.1123992055654525,-0.0183259565383195
2025-04-02 22:59:58.723677,0.0158824957907199,0.0219911485910415,0.2223549485206604
2025-04-02 23:00:10.760456,-0.0171042270958423,-0.0305432621389627,0.1050688251852989
2025-04-02 23:00:22.797235,-0.0916297882795333,-0.0574213340878486,-0.3310889601707458
2025-04-02 23:00:34.834014,0.2504547536373138,-0.0146607663482427,-0.2455678284168243
2025-04-02 23:00:46.870793,-0.0073303831741213,-0.0195476878434419,-0.3726277947425842
2025-04-02 23:00:58.907572,0.1148426681756973,-0.0293215326964855,-0.4862487316131592
2025-04-02 23:01:10.944351,0.1282816976308822,-0.0232128798961639,-0.5302310585975647
2025-04-02 23:01:22.981130,0.0806342139840126,-0.0403171069920063,-0.5607742667198181
2025-04-02 23:01:35.017909,0.098960168659687,-0.0207694191485643,-0.4667010605335235
2025-04-02 23:01:47.054688,-0.0158824957907199,0.0073303831741213,-0.375071257352829
2025-04-02 23:01:59.091467,-0.1221730485558509,-0.0317649915814399,-0.3469714522361755
2025-04-02 23:02:11.128246,0.1185078546404838,-0.0684169083833694,-0.2015855312347412
2025-04-02 23:02:23.165025,-0.098960168659687,0.0329867228865623,-0.0500909499824047
2025-04-02 23:02:35.201804,-0.0342084541916847,0.0207694191485643,0.140499010682106
2025-04-02 23:02:47.238583,-0.1062905490398407,0.0378736443817615,0.117286130785942
2025-04-02 23:02:59.275362,-0.0916297882795333,0.0818559452891349,0.0647517144680023
2025-04-02 23:03:11.312141,0.1588249653577804,-0.0012217304902151,0.2003637999296188
2025-04-02 23:03:23.348921,-0.0464257597923278,-0.0293215326964855,0.2687807083129883
2025-04-02 23:03:35.385700,0.0219911485910415,0.0342084541916847,0.0598647929728031
2025-04-02 23:03:47.422479,-0.1539380401372909,0.0207694191485643,0.1466076523065567
2025-04-02 23:03:59.459258,-0.0818559452891349,-0.0781907513737678,0.2406809031963348
2025-04-02 23:04:11.496037,-0.0171042270958423,0.0048869219608604,0.2223549485206604
2025-04-02 23:04:23.532816,-0.058643065392971,0.0183259565383195,0.1857030391693115
2025-04-02 23:04:35.569595,0.0183259565383195,-0.0280998013913631,0.1514945775270462
2025-04-02 23:04:47.606374,0.2089159190654754,-0.0061086523346602,0.0623082555830478
2025-04-02 23:04:59.643153,0.0268780700862407,-0.0109955742955207,0.0390953756868839
2025-04-02 23:05:11.679932,-0.140499010682106,0.0280998013913631,0.0329867228865623
2025-04-02 23:05:23.716711,-0.0109955742955207,-0.0158824957907199,0.0073303831741213
2025-04-02 23:05:35.753490,-0.0024434609804302,-0.0073303831741213,-0.0195476878434419
2025-04-02 23:05:47.790269,0.0134390350431203,-0.0097738439217209,-0.0122173046693205
2025-04-02 23:05:59.827048,0.0280998013913631,-0.0085521135479211,-0.0085521135479211
2025-04-02 23:06:11.863827,-0.0085521135479211,0.0,-0.0158824957907199
2025-04-02 23:06:23.900606,0.0171042270958423,0.0244346093386411,-0.0171042270958423
2025-04-02 23:06:35.937385,0.0073303831741213,0.0366519130766391,-0.0073303831741213
2025-04-02 23:06:47.974164,0.0,-0.0085521135479211,-0.0097738439217209
2025-04-02 23:07:00.010943,0.0109955742955207,-0.0061086523346602,-0.0061086523346602
2025-04-02 23:07:12.047722,0.0268780700862407,-0.0061086523346602,0.0183259565383195
2025-04-02 23:07:24.084501,0.0085521135479211,-0.0097738439217209,-0.0048869219608604
2025-04-02 23:07:36.121281,0.0146607663482427,-0.0097738439217209,0.0158824957907199
2025-04-02 23:07:48.158060,-0.0122173046693205,-0.0293215326964855,0.0109955742955207
2025-04-02 23:08:00.194839,-0.0012217304902151,-0.0232128798961639,0.0268780700862407
2025-04-02 23:08:12.231618,-0.0024434609804302,-0.0073303831741213,0.0012217304902151
2025-04-02 23:08:24.268397,-0.0280998013913631,-0.0097738439217209,-0.0109955742955207
2025-04-02 23:08:36.305176,-0.0256563406437635,-0.0171042270958423,-0.0109955742955207
2025-04-02 23:08:48.341955,-0.0158824957907199,-0.0061086523346602,0.0024434609804302
2025-04-02 23:09:00.378734,0.0342084541916847,0.0085521135479211,-0.0122173046693205
2025-04-02 23:09:12.415513,-0.0280998013913631,-0.0109955742955207,0.0342084541916847
2025-04-02 23:09:24.452292,-0.0293215326964855,-0.0036651915870606,0.0317649915814399
2025-04-02 23:09:36.489071,-0.0317649915814399,0.0097738439217209,0.0085521135479211
2025-04-02 23:09:48.525850,-0.0745255574584007,0.0256563406437635,0.0097738439217209
2025-04-02 23:10:00.562629,-0.0378736443817615,-0.0146607663482427,0.0268780700862407
2025-04-02 23:10:12.599408,-0.0305432621389627,0.0036651915870606,-0.0232128798961639
2025-04-02 23:10:24.636187,0.0244346093386411,-0.0061086523346602,0.0012217304902151
2025-04-02 23:10:36.672966,0.0048869219608604,0.0,-0.0048869219608604
2025-04-02 23:10:48.709745,-0.0195476878434419,-0.0061086523346602,-0.0036651915870606
2025-04-02 23:11:00.746524,-0.0024434609804302,-0.0048869219608604,0.0048869219608604
2025-04-02 23:11:12.783303,-0.0073303831741213,-0.0024434609804302,-0.0012217304902151
2025-04-02 23:11:24.820082,0.0073303831741213,0.0024434609804302,0.0024434609804302
2025-04-02 23:11:36.856861,-0.0024434609804302,0.0012217304902151,0.0
2025-04-02 23:11:48.893640,0.0122173046693205,0.0048869219608604,-0.0012217304902151
2025-04-02 23:12:00.930420,0.0256563406437635,0.0073303831741213,0.0097738439217209
2025-04-02 23:12:12.967199,-0.0305432621389627,-0.0036651915870606,-0.0158824957907199
2025-04-02 23:12:25.003978,-0.0134390350431203,0.0,0.0036651915870606
2025-04-02 23:12:37.040757,-0.0024434609804302,0.0012217304902151,0.0048869219608604
2025-04-02 23:12:49.077536,-0.0036651915870606,0.0012217304902151,0.0
2025-04-02 23:13:01.114315,-0.0061086523346602,-0.0048869219608604,0.0024434609804302
2025-04-02 23:13:13.151094,0.0073303831741213,0.0048869219608604,-0.0024434609804302
2025-04-02 23:13:25.187873,0.0085521135479211,0.0012217304902151,0.0
2025-04-02 23:13:37.224652,-0.0036651915870606,0.0,-0.0036651915870606
2025-04-02 23:13:49.261431,0.0134390350431203,0.0024434609804302,0.0048869219608604
2025-04-02 23:14:01.298210,-0.0048869219608604,-0.0012217304902151,-0.0012217304902151
2025-04-02 23:14:13.334989,0.0061086523346602,0.0012217304902151,0.0036651915870606
2025-04-02 23:14:25.371768,0.0048869219608604,0.0,-0.0012217304902151
2025-04-02 23:14:37.408547,-0.0085521135479211,-0.0024434609804302,-0.0012217304902151
2025-04-02 23:14:49.445326,0.0097738439217209,0.0,0.0
2025-04-02 23:15:01.482105,-0.0024434609804302,0.0036651915870606,0.0036651915870606
2025-04-02 23:15:13.518884,0.0061086523346602,0.0024434609804302,0.0
2025-04-02 23:15:25.555663,-0.0109955742955207,-0.0024434609804302,0.0024434609804302
2025-04-02 23:15:37.592442,0.0061086523346602,0.0024434609804302,-0.0024434609804302
2025-04-02 23:15:49.629221,-0.0036651915870606,-0.0012217304902151,0.0
2025-04-02 23:16:01.666000,-0.0122173046693205,0.0,-0.0012217304902151
2025-04-02 23:16:13.702780,0.0146607663482427,0.0048869219608604,0.0036651915870606
2025-04-02 23:16:25.739559,-0.0183259565383195,0.0036651915870606,0.0036651915870606
2025-04-02 23:16:37.776338,0.0036651915870606,0.0024434609804302,0.0036651915870606
2025-04-02 23:16:49.813117,0.0122173046693205,0.0073303831741213,0.0036651915870606
2025-04-02 23:17:01.849896,-0.0048869219608604,0.0085521135479211,0.0
2025-04-02 23:17:13.886675,0.0232128798961639,0.0085521135479211,0.0036651915870606
2025-04-02 23:17:25.923454,-0.0183259565383195,0.0048869219608604,0.0012217304902151
2025-04-02 23:17:37.960233,0.0097738439217209,-0.0012217304902151,0.0012217304902151
2025-04-02 23:17:49.997012,-0.0085521135479211,0.0,0.0
2025-04-02 23:18:02.033791,0.0122173046693205,0.0036651915870606,0.0012217304902151
2025-04-02 23:18:14.070570,0.0,0.0036651915870606,-0.0024434609804302
2025-04-02 23:18:26.107349,0.0024434609804302,-0.0012217304902151,0.0024434609804302
2025-04-02 23:18:38.144128,0.0024434609804302,0.0073303831741213,-0.0012217304902151
2025-04-02 23:18:50.180907,0.0024434609804302,0.0048869219608604,0.0024434609804302
2025-04-02 23:19:02.217686,0.0012217304902151,0.0012217304902151,0.0
2025-04-02 23:19:14.254465,0.0097738439217209,0.0048869219608604,0.0024434609804302
2025-04-02 23:19:26.291244,-0.0012217304902151,0.0012217304902151,0.0012217304902151
2025-04-02 23:19:38.328023,0.0061086523346602,0.0012217304902151,0.0048869219608604
2025-04-02 23:19:50.364802,0.0036651915870606,0.0048869219608604,-0.0012217304902151
2025-04-02 23:20:02.401581,-0.0012217304902151,-0.0036651915870606,0.0
2025-04-02 23:20:14.438360,0.0,-0.0024434609804302,0.0012217304902151
2025-04-02 23:20:26.475140,-0.0012217304902151,-0.0024434609804302,0.0012217304902151
2025-04-02 23:20:38.511919,0.0036651915870606,-0.0024434609804302,-0.0024434609804302
2025-04-02 23:20:50.548698,-0.0024434609804302,0.0,-0.0036651915870606
2025-04-02 23:21:02.585477,0.0024434609804302,0.0,-0.0012217304902151
2025-04-02 23:21:14.622256,-0.0024434609804302,0.0,0.0
2025-04-02 23:21:26.659035,-0.0024434609804302,0.0,0.0012217304902151
2025-04-02 23:21:38.695814,0.0012217304902151,0.0,-0.0024434609804302
2025-04-02 23:21:50.732593,-0.0048869219608604,0.0,0.0
2025-04-02 23:22:02.769372,0.0048869219608604,0.0,-0.0024434609804302
2025-04-02 23:22:14.806151,-0.0036651915870606,0.0,-0.0012217304902151
2025-04-02 23:22:26.842930,0.0024434609804302,0.0,-0.0012217304902151
2025-04-02 23:22:38.879709,-0.0012217304902151,-0.0012217304902151,-0.0036651915870606
2025-04-02 23:22:50.916488,-0.0024434609804302,0.0,-0.0036651915870606
2025-04-02 23:23:02.953267,-0.0048869219608604,0.0012217304902151,-0.0036651915870606
2025-04-02 23:23:14.990046,-0.0024434609804302,-0.0012217304902151,-0.0012217304902151
2025-04-02 23:23:27.026825,-0.0012217304902151,0.0,-0.0012217304902151
2025-04-02 23:23:39.063604,-0.0036651915870606,-0.0012217304902151,0.0012217304902151
2025-04-02 23:23:51.100383,0.0048869219608604,0.0024434609804302,0.0
2025-04-02 23:24:03.137162,0.0073303831741213,0.0,0.0
2025-04-02 23:24:15.173941,0.0024434609804302,-0.0012217304902151,0.0
2025-04-02 23:24:27.210720,0.0024434609804302,0.0024434609804302,0.0
2025-04-02 23:24:39.247500,0.0061086523346602,-0.0012217304902151,0.0012217304902151
2025-04-02 23:24:51.284279,-0.0048869219608604,0.0024434609804302,0.0
2025-04-02 23:25:03.321058,0.0024434609804302,-0.0024434609804302,-0.0012217304902151
2025-04-02 23:25:15.357837,-0.0012217304902151,-0.0012217304902151,0.0
2025-04-02 23:25:27.394616,-0.0012217304902151,-0.0012217304902151,0.0
2025-04-02 23:25:39.431395,0.0061086523346602,0.0,0.0
2025-04-02 23:25:51.468174,-0.0024434609804302,0.0,0.0012217304902151
2025-04-02 23:26:03.504953,0.0,-0.0024434609804302,0.0
2025-04-02 23:26:15.541732,0.0,-0.0012217304902151,-0.0012217304902151
2025-04-02 23:26:27.578511,0.0061086523346602,-0.0012217304902151,0.0
2025-04-02 23:26:39.615290,0.0012217304902151,0.0012217304902151,0.0
2025-04-02 23:26:51.652069,0.0012217304902151,0.0,-0.0012217304902151
2025-04-02 23:27:03.688848,0.0024434609804302,-0.0012217304902151,0.0
2025-04-02 23:27:15.725627,-0.0024434609804302,0.0024434609804302,-0.0012217304902151
2025-04-02 23:27:27.762406,0.0024434609804302,-0.0012217304902151,0.0012217304902151
2025-04-02 23:27:39.799185,0.0024434609804302,0.0012217304902151,-0.0012217304902151
2025-04-02 23:27:51.835964,0.0012217304902151,0.0,-0.0012217304902151
2025-04-02 23:28:03.872743,0.0,0.0012217304902151,-0.0012217304902151
2025-04-02 23:28:15.909522,0.0,0.0012217304902151,-0.0012217304902151
2025-04-02 23:28:27.946301,0.0036651915870606,0.0012217304902151,0.0
2025-04-02 23:28:39.983080,-0.0036651915870606,0.0024434609804302,0.0
2025-04-02 23:28:52.019859,0.0024434609804302,-0.0024434609804302,0.0
2025-04-02 23:29:04.056639,0.0,0.0024434609804302,0.0
2025-04-02 23:29:16.093418,0.0036651915870606,0.0,-0.0012217304902151
2025-04-02 23:29:28.130197,-0.0024434609804302,0.0012217304902151,-0.0024434609804302
2025-04-02 23:29:40.166976,-0.0012217304902151,-0.0012217304902151,0.0
2025-04-02 23:29:52.203755,0.0,0.0,0.0
2025-04-02 23:30:04.240534,-0.0073303831741213,0.0,0.0
2025-04-02 23:30:16.277313,0.0048869219608604,-0.0024434609804302,0.0012217304902151
2025-04-02 23:30:28.314092,-0.0012217304902151,0.0012217304902151,-0.0024434609804302
2025-04-02 23:30:40.350871,0.0012217304902151,0.0,0.0012217304902151
2025-04-02 23:30:52.387650,0.0012217304902151,0.0012217304902151,0.0012217304902151
2025-04-02 23:31:04.424429,0.0024434609804302,0.0012217304902151,0.0
2025-04-02 23:31:16.461208,0.0036651915870606,-0.0012217304902151,0.0012217304902151
2025-04-02 23:31:28.497987,-0.0024434609804302,0.0,0.0
2025-04-02 23:31:40.534766,-0.0012217304902151,0.0,0.0
2025-04-02 23:31:52.571545,-0.0024434609804302,0.0012217304902151,0.0
2025-04-02 23:32:04.608324,0.0,0.0,0.0
2025-04-02 23:32:16.645103,0.0,0.0012217304902151,0.0
2025-04-02 23:32:28.681882,-0.0024434609804302,0.0012217304902151,-0.0012217304902151
2025-04-02 23:32:40.718661,-0.0012217304902151,-0.0012217304902151,0.0
2025-04-02 23:32:52.755440,-0.0024434609804302,0.0,-0.0012217304902151
2025-04-02 23:33:04.792219,-0.0061086523346602,0.0024434609804302,0.0
2025-04-02 23:33:16.828999,0.0048869219608604,-0.0024434609804302,-0.0012217304902151
2025-04-02 23:33:28.865778,-0.0085521135479211,0.0,0.0
2025-04-02 23:33:40.902557,0.0012217304902151,-0.0012217304902151,-0.0012217304902151
2025-04-02 23:33:52.939336,-0.0024434609804302,0.0,0.0
2025-04-02 23:34:04.976115,0.0,0.0024434609804302,0.0
2025-04-02 23:34:17.012894,-0.0109955742955207,-0.0012217304902151,-0.0012217304902151
2025-04-02 23:34:29.049673,0.0085521135479211,0.0036651915870606,-0.0012217304902151
2025-04-02 23:34:41.086452,-0.0024434609804302,0.0,0.0
2025-04-02 23:34:53.123231,0.0036651915870606,0.0012217304902151,0.0012217304902151
2025-04-02 23:35:05.160010,0.0024434609804302,0.0024434609804302,0.0
2025-04-02 23:35:17.196789,0.0,0.0,-0.0012217304902151
2025-04-02 23:35:29.233568,0.0036651915870606,-0.0012217304902151,-0.0012217304902151
2025-04-02 23:35:41.270347,-0.0036651915870606,-0.0024434609804302,0.0
2025-04-02 23:35:53.307126,0.0,0.0,0.0
2025-04-02 23:36:05.343905,-0.0024434609804302,0.0,-0.0012217304902151
2025-04-02 23:36:17.380684,0.0,-0.0012217304902151,0.0
2025-04-02 23:36:29.417463,-0.0097738439217209,0.0012217304902151,0.0012217304902151
2025-04-02 23:36:41.454242,0.0012217304902151,0.0,0.0012217304902151
2025-04-02 23:36:53.491021,-0.0012217304902151,-0.0012217304902151,0.0012217304902151
2025-04-02 23:37:05.527800,0.0024434609804302,0.0,-0.0012217304902151
2025-04-02 23:37:17.564579,0.0024434609804302,0.0012217304902151,0.0
2025-04-02 23:37:29.601359,-0.0012217304902151,0.0,-0.0012217304902151
2025-04-02 23:37:41.638138,-0.0097738439217209,0.0012217304902151,0.0
2025-04-02 23:37:53.674917,0.0061086523346602,0.0024434609804302,-0.0012217304902151
2025-04-02 23:38:05.711696,0.0073303831741213,0.0012217304902151,-0.0012217304902151
2025-04-02 23:38:17.748475,0.0048869219608604,-0.0024434609804302,-0.0024434609804302
2025-04-02 23:38:29.785254,-0.0097738439217209,0.0024434609804302,0.0036651915870606
2025-04-02 23:38:41.822033,-0.0012217304902151,0.0024434609804302,0.0012217304902151
2025-04-02 23:38:53.858812,0.0024434609804302,-0.0012217304902151,-0.0048869219608604
2025-04-02 23:39:05.895591,-0.0048869219608604,0.0024434609804302,0.0012217304902151
2025-04-02 23:39:17.932370,0.0024434609804302,0.0,-0.0024434609804302
2025-04-02 23:39:29.969149,-0.0036651915870606,0.0024434609804302,-0.0012217304902151
2025-04-02 23:39:42.005928,-0.0012217304902151,0.0024434609804302,0.0
2025-04-02 23:39:54.042707,-0.0024434609804302,-0.0036651915870606,-0.0048869219608604
2025-04-02 23:40:06.079486,-0.0048869219608604,0.0,0.0024434609804302
2025-04-02 23:40:18.116265,0.0,-0.0012217304902151,0.0036651915870606
2025-04-02 23:40:30.153044,-0.0048869219608604,0.0036651915870606,0.0036651915870606
2025-04-02 23:40:42.189823,0.0012217304902151,0.0,0.0
2025-04-02 23:40:54.226602,-0.0024434609804302,0.0024434609804302,0.0024434609804302
2025-04-02 23:41:06.263381,-0.0012217304902151,0.0012217304902151,0.0012217304902151
2025-04-02 23:41:18.300160,0.0012217304902151,0.0012217304902151,0.0012217304902151
2025-04-02 23:41:30.336939,0.0024434609804302,0.0,0.0
2025-04-02 23:41:42.373719,-0.0024434609804302,0.0,-0.0024434609804302
2025-04-02 23:41:54.410498,-0.0036651915870606,0.0,-0.0036651915870606
2025-04-02 23:42:06.447277,0.0,0.0012217304902151,-0.0012217304902151
2025-04-02 23:42:18.484056,0.0036651915870606,0.0012217304902151,0.0
2025-04-02 23:42:30.520835,0.0024434609804302,0.0012217304902151,0.0
2025-04-02 23:42:42.557614,-0.0012217304902151,0.0012217304902151,0.0
2025-04-02 23:42:54.594393,0.0024434609804302,0.0012217304902151,-0.0012217304902151
2025-04-02 23:43:06.631172,-0.0024434609804302,0.0012217304902151,-0.0012217304902151
2025-04-02 23:43:18.667951,-0.0012217304902151,0.0,0.0
2025-04-02 23:43:30.704730,0.0024434609804302,0.0,0.0
2025-04-02 23:43:42.741509,-0.0024434609804302,0.0,-0.0012217304902151
2025-04-02 23:43:54.778288,0.0085521135479211,0.0024434609804302,-0.0012217304902151
2025-04-02 23:44:06.815067,-0.0036651915870606,0.0,0.0
2025-04-02 23:44:18.851846,0.0073303831741213,0.0024434609804302,-0.0012217304902151
2025-04-02 23:44:30.888625,0.0024434609804302,0.0012217304902151,0.0012217304902151
2025-04-02 23:44:42.925404,0.0012217304902151,0.0012217304902151,0.0
2025-04-02 23:44:54.962183,0.0,-0.0012217304902151,0.0
2025-04-02 23:45:06.998962,0.0,0.0,0.0012217304902151
2025-04-02 23:45:19.035741,-0.0794124826788902,0.0415388382971286,0.0061086523346602
2025-04-02 23:45:31.072520,0.0696386396884918,-0.0195476878434419,-0.0476474873721599
2025-04-02 23:45:43.109299,0.0048869219608604,-0.0635299831628799,-0.0317649915814399
2025-04-02 23:45:55.146078,0.0329867228865623,-0.0317649915814399,-0.0073303831741213
2025-04-02 23:46:07.182858,0.0073303831741213,-0.0403171069920063,0.0
2025-04-02 23:46:19.219637,0.098960168659687,-0.0012217304902151,-0.0256563406437635
2025-04-02 23:46:31.256416,0.0806342139840126,-0.0378736443817615,0.0
2025-04-02 23:46:43.293195,0.0574213340878486,0.0696386396884918,-0.0525344125926494
2025-04-02 23:46:55.329974,-0.2431243658065796,0.0280998013913631,-0.1380555480718612
2025-04-02 23:47:07.366753,0.0146607663482427,-0.0342084541916847,-0.0109955742955207
2025-04-02 23:47:19.403532,-0.0036651915870606,0.0085521135479211,-0.0036651915870606
2025-04-02 23:47:31.440311,-0.0574213340878486,0.0012217304902151,-0.0158824957907199
2025-04-02 23:47:43.477090,-0.0342084541916847,0.0219911485910415,-0.0561996027827262
2025-04-02 23:47:55.513869,-0.2602286040782928,0.058643065392971,-0.1380555480718612
2025-04-02 23:48:07.550648,0.0256563406437635,0.0122173046693205,0.0745255574584007
2025-04-02 23:48:19.587427,-0.0207694191485643,-0.0195476878434419,0.0280998013913631
2025-04-02 23:48:31.624206,-0.0012217304902151,-0.0268780700862407,0.0146607663482427
2025-04-02 23:48:43.660985,-0.2247984111309051,-0.0134390350431203,-0.067195177078247
2025-04-02 23:48:55.697764,0.0085521135479211,-0.0085521135479211,0.0232128798961639
2025-04-02 23:49:07.734543,-0.130725160241127,-0.0183259565383195,0.0097738439217209
2025-04-02 23:49:19.771322,-0.0012217304902151,-0.0146607663482427,-0.0048869219608604
2025-04-02 23:49:31.808101,-0.0097738439217209,0.0305432621389627,-0.0024434609804302
2025-04-02 23:49:43.844880,0.0354301854968071,0.0207694191485643,0.0024434609804302
2025-04-02 23:49:55.881659,-0.067195177078247,0.0061086523346602,0.0036651915870606
2025-04-02 23:50:07.918438,-0.090408056974411,0.0061086523346602,0.0317649915814399
2025-04-02 23:50:19.955218,-0.0109955742955207,0.0207694191485643,0.0036651915870606
2025-04-02 23:50:31.991997,-0.0207694191485643,-0.0183259565383195,0.0036651915870606
2025-04-02 23:50:44.028776,0.0452040284872055,0.0134390350431203,-0.0134390350431203
2025-04-02 23:50:56.065555,-0.0427605658769607,-0.0073303831741213,0.0048869219608604
2025-04-02 23:51:08.102334,0.0183259565383195,0.0183259565383195,-0.0158824957907199
2025-04-02 23:51:20.139113,0.0073303831741213,0.0183259565383195,-0.0207694191485643
2025-04-02 23:51:32.175892,0.0146607663482427,-0.0073303831741213,-0.0061086523346602
2025-04-02 23:51:44.212671,0.0036651915870606,-0.0073303831741213,0.0024434609804302
2025-04-02 23:51:56.249450,-0.058643065392971,-0.0024434609804302,0.0024434609804302
2025-04-02 23:52:08.286229,0.0012217304902151,0.0,-0.0061086523346602
2025-04-02 23:52:20.323008,-0.117286130785942,-0.0207694191485643,0.0012217304902151
2025-04-02 23:52:32.359787,-0.0781907513737678,-0.0085521135479211,0.0232128798961639
2025-04-02 23:52:44.396566,0.0464257597923278,0.0195476878434419,0.0012217304902151
2025-04-02 23:52:56.433345,-0.0354301854968071,-0.0134390350431203,0.0073303831741213
2025-04-02 23:53:08.470124,-0.0684169083833694,0.0024434609804302,-0.0012217304902151
2025-04-02 23:53:20.506903,0.0366519130766391,0.0,-0.0048869219608604
2025-04-02 23:53:32.543682,-0.0219911485910415,0.0097738439217209,0.0012217304902151
2025-04-02 23:53:44.580461,-0.0366519130766391,-0.0036651915870606,-0.0012217304902151
2025-04-02 23:53:56.617240,-0.0122173046693205,0.0024434609804302,-0.0158824957907199
2025-04-02 23:54:08.654019,-0.0378736443817615,0.0109955742955207,0.0048869219608604
2025-04-02 23:54:20.690798,-0.0378736443817615,0.0085521135479211,-0.0232128798961639
2025-04-02 23:54:32.727578,-0.0317649915814399,-0.0146607663482427,-0.0134390350431203
2025-04-02 23:54:44.764357,0.0109955742955207,0.0097738439217209,-0.0061086523346602
2025-04-02 23:54:56.801136,-0.0207694191485643,-0.0012217304902151,-0.0024434609804302
2025-04-02 23:55:08.837915,0.0134390350431203,-0.0048869219608604,0.0171042270958423
2025-04-02 23:55:20.874694,0.0207694191485643,-0.0183259565383195,-0.0073303831741213
2025-04-02 23:55:32.911473,-0.0733038261532783,0.0024434609804302,0.0073303831741213
2025-04-02 23:55:44.948252,0.0109955742955207,-0.0024434609804302,0.0
2025-04-02 23:55:56.985031,0.0122173046693205,-0.0085521135479211,-0.0073303831741213
2025-04-02 23:56:09.021810,0.0085521135479211,-0.0085521135479211,-0.0048869219608604
2025-04-02 23:56:21.058589,-0.0427605658769607,0.0,0.0012217304902151
2025-04-02 23:56:33.095368,0.0256563406437635,0.0012217304902151,0.0036651915870606
2025-04-02 23:56:45.132147,0.0012217304902151,-0.0012217304902151,0.0048869219608604
2025-04-02 23:56:57.168926,-0.0256563406437635,-0.0012217304902151,0.0061086523346602
2025-04-02 23:57:09.205705,-0.0500909499824047,-0.0012217304902151,-0.0073303831741213
2025-04-02 23:57:21.242484,-0.0073303831741213,-0.0024434609804302,0.0085521135479211
2025-04-02 23:57:33.279263,0.0048869219608604,-0.0048869219608604,0.0
2025-04-02 23:57:45.316042,0.0024434609804302,-0.0085521135479211,-0.0036651915870606
2025-04-02 23:57:57.352821,0.0061086523346602,0.0,0.0
2025-04-02 23:58:09.389600,-0.0036651915870606,-0.0036651915870606,-0.0024434609804302
2025-04-02 23:58:21.426379,-0.0183259565383195,0.0048869219608604,0.0122173046693205
2025-04-02 23:58:33.463158,0.0097738439217209,-0.0036651915870606,-0.0012217304902151
2025-04-02 23:58:45.499938,-0.0036651915870606,-0.0024434609804302,-0.0036651915870606
2025-04-02 23:58:57.536717,0.0403171069920063,-0.0219911485910415,-0.0012217304902151
2025-04-02 23:59:09.573496,0.0061086523346602,0.0036651915870606,0.0
2025-04-02 23:59:21.610275,0.0122173046693205,-0.0134390350431203,-0.0048869219608604
2025-04-02 23:59:33.647054,0.0085521135479211,-0.0061086523346602,-0.0085521135479211
2025-04-02 23:59:45.683833,0.051312681287527,0.0048869219608604,-0.0085521135479211
2025-04-02 23:59:57.720612,-0.0305432621389627,0.0183259565383195,-0.0073303831741213
