time;x;y;z
2025-04-21 17:55:40.440748;-4,170700;-5,291186;6,849811
2025-04-21 17:58:54.054193;-4,003105;-5,020641;7,570466
2025-04-21 18:02:07.667638;-4,046201;2,839523;8,396465
2025-04-21 18:05:21.281084;-1,412579;-2,375048;9,064447
2025-04-21 18:08:34.894529;-1,331176;-2,102109;9,155427
2025-04-21 18:11:48.507974;-1,537078;-2,298434;9,009381
2025-04-21 18:15:02.121420;2,166753;-4,134786;4,613626
2025-04-21 18:18:15.734865;-0,442927;-2,035071;9,239224
2025-04-21 18:21:29.348311;0,198719;2,506729;9,287108
2025-04-21 18:24:42.961756;-0,696713;3,411737;9,287108
2025-04-21 18:27:56.575201;-2,683900;3,447650;9,066842
2025-04-21 18:31:10.188647;-0,526724;3,390190;9,220071
2025-04-21 18:34:23.802092;-1,482011;3,342306;8,935161
2025-04-21 18:37:37.415537;0,129287;2,401384;9,160215
2025-04-21 18:40:51.028983;-0,134075;3,196259;9,531317
2025-04-21 18:44:04.642428;-1,644817;3,201048;9,188946
2025-04-21 18:47:18.255874;0,141258;2,849100;9,538500
2025-04-21 18:50:31.869319;0,105345;3,145981;9,437943
2025-04-21 18:53:45.482764;1,323994;3,517082;8,652645
2025-04-21 18:56:59.096210;-3,541024;8,403648;11,927913
2025-04-21 19:00:12.709655;-0,148441;-1,431733;10,304645
2025-04-21 19:03:26.323100;0,632069;-1,786075;9,651027
2025-04-21 19:06:39.936546;-0,009577;1,082179;9,734824
2025-04-21 19:09:53.549991;-0,227449;1,027112;9,830592
2025-04-21 19:13:07.163437;0,124498;0,790087;9,713276
2025-04-21 19:16:20.776882;0,761356;1,189918;9,864111
2025-04-21 19:19:34.390327;2,911349;-4,745308;8,044518
2025-04-21 19:22:48.003773;1,640028;0,454898;9,607931
2025-04-21 19:26:01.617218;-9,603143;0,847547;-0,861913
2025-04-21 19:29:15.230663;-8,013393;5,444415;0,486023
2025-04-21 19:32:28.844109;-4,149151;8,619126;2,454057
2025-04-21 19:35:42.457554;-4,359841;0,213084;8,671799
2025-04-21 19:38:56.071000;0,433351;5,315128;8,659827
2025-04-21 19:42:09.684445;1,429338;-2,528277;8,774749
2025-04-21 19:45:23.297890;0,636858;-8,999804;-1,419762
2025-04-21 19:48:36.911336;12,603078;-1,163582;0,452504
2025-04-21 19:51:50.524781;0,730232;-6,840234;-8,868123
2025-04-21 19:55:04.138226;-1,541866;-4,733337;7,960721
2025-04-21 19:58:17.751672;0,543484;-7,443573;6,789956
2025-04-21 20:01:31.365117;-4,357447;5,942409;2,343924
2025-04-21 20:04:44.978563;-4,079720;-7,402872;-0,632069
2025-04-21 20:07:58.592008;-3,057395;-8,372523;4,364630
2025-04-21 20:11:12.205453;-1,328782;1,640028;9,504981
2025-04-21 20:14:25.818899;-1,352724;3,306392;9,265560
2025-04-21 20:17:39.432344;-1,482011;3,418920;9,071630
2025-04-21 20:20:53.045790;-5,207389;3,483563;6,751649
2025-04-21 20:24:06.659235;-3,385401;2,051831;9,018958
2025-04-21 20:27:20.272680;-0,794875;-1,455675;9,674969
2025-04-21 20:30:33.886126;-0,861913;-0,646434;9,662998
2025-04-21 20:33:47.499571;-0,562637;-1,642422;9,641450
2025-04-21 20:37:01.113016;-7,354988;6,291962;-1,453280
2025-04-21 20:40:14.726462;0,768539;2,494758;9,404425
2025-04-21 20:43:28.339907;-4,345476;-5,372589;-3,945644
2025-04-21 20:46:41.953353;0,055067;-5,046977;9,428367
2025-04-21 20:49:55.566798;-6,016629;-0,215478;7,326257
2025-04-21 20:53:09.180243;-1,968034;-6,165070;6,924031
2025-04-21 20:56:22.793689;2,573767;-8,635885;5,415684
2025-04-21 20:59:36.407134;-2,030283;-2,700660;9,090784
2025-04-21 21:02:50.020579;-2,027889;-2,726996;9,188946
2025-04-21 21:06:03.634025;-5,360618;-8,248025;1,623269
2025-04-21 21:09:17.247470;-5,317522;-7,644686;2,394202
2025-04-21 21:12:30.860916;-5,039794;-5,444415;6,758832
2025-04-21 21:15:44.474361;-3,059790;4,173094;5,523423
2025-04-21 21:18:58.087806;-4,881777;5,348647;6,598420
2025-04-21 21:22:11.701252;2,621651;3,677494;8,877700
2025-04-21 21:25:25.314697;2,214637;9,323022;-3,117251
2025-04-21 21:28:38.928142;3,043030;-6,339846;6,801927
2025-04-21 21:31:52.541588;3,074155;-6,361394;6,816292
2025-04-21 21:35:06.155033;-11,592725;-2,394202;-0,409408
2025-04-21 21:38:19.768479;6,459556;-8,571242;-0,878672
2025-04-21 21:41:33.381924;-9,600749;1,163582;-0,287304
2025-04-21 21:44:46.995369;-0,318429;5,614403;5,497087
2025-04-21 21:48:00.608815;0,490811;7,979874;7,943961
2025-04-21 21:51:14.222260;1,393425;5,456386;5,920861
2025-04-21 21:54:27.835705;0,454898;6,481104;5,298368
2025-04-21 21:57:41.449151;1,810017;8,722076;7,929596
2025-04-21 22:00:55.062596;0,026336;6,622362;7,730877
2025-04-21 22:04:08.676042;-0,466869;5,157111;5,631162
2025-04-21 22:07:22.289487;-1,936909;-0,483629;13,429077
2025-04-21 22:10:35.902932;-4,972757;-6,457162;10,936713
2025-04-21 22:13:49.516378;-3,129222;-4,778827;7,079654
2025-04-21 22:17:03.129823;-4,850653;-6,828263;4,472369
2025-04-21 22:20:16.743269;-13,091495;-5,123591;3,124433
2025-04-21 22:23:30.356714;-13,050794;-6,660669;4,062960
2025-04-21 22:26:43.970159;1,762132;-3,296816;9,035717
2025-04-21 22:29:57.583605;1,896208;-3,500323;9,047688
2025-04-21 22:33:11.197050;1,680730;-5,865794;7,917625
2025-04-21 22:36:24.810495;1,630451;-4,335899;8,633492
2025-04-21 22:39:38.423941;-3,294421;4,721366;8,590396
2025-04-21 22:42:52.037386;-2,375048;1,896208;4,577713
2025-04-21 22:46:05.650832;-6,528988;4,587290;7,036559
2025-04-21 22:49:19.264277;-6,021417;3,904943;6,505046
2025-04-21 22:52:32.877722;-0,193930;1,374272;9,730036
2025-04-21 22:55:46.491168;2,415750;-3,392584;8,913613
2025-04-21 22:59:00.104613;8,020576;-4,034230;4,256891
2025-04-21 23:02:13.718058;8,492233;-4,132392;3,976769
2025-04-21 23:05:27.331504;7,891289;-3,509900;4,323928
2025-04-21 23:08:40.944949;8,549694;-2,959233;4,477157
2025-04-21 23:11:54.558395;8,580819;-3,739743;4,039018
2025-04-21 23:15:08.171840;8,554482;-3,186682;4,953603
2025-04-21 23:18:21.785285;8,573636;-3,888184;4,568137
2025-04-21 23:21:35.398731;7,137115;-3,224990;5,039794
2025-04-21 23:24:49.012176;8,422802;-3,114856;4,118027
2025-04-21 23:28:02.625621;7,479486;-4,529830;3,670311
2025-04-21 23:31:16.239067;5,839458;-0,074220;6,833052
2025-04-21 23:34:29.852512;1,774103;-1,549049;8,427590
2025-04-21 23:37:43.465958;-0,304064;-5,583278;7,900866
2025-04-21 23:40:57.079403;2,925714;-4,625597;5,987898
2025-04-21 23:44:10.692848;-1,357512;-7,328651;6,121974
2025-04-21 23:47:24.306294;-4,098873;-3,780444;6,706159
2025-04-21 23:50:37.919739;-4,316746;-4,264073;7,785944
2025-04-21 23:53:51.533184;-6,009446;-2,511518;6,344635
2025-04-21 23:57:05.146630;-5,185841;2,971204;7,762002
2025-04-22 00:00:18.760075;-5,693412;-0,713472;8,322245
2025-04-22 00:03:32.373521;-5,307945;-2,827552;7,402872
2025-04-22 00:06:45.986966;-6,282385;-2,322376;6,983886
2025-04-22 00:09:59.600411;-7,668628;-5,377377;4,805163
2025-04-22 00:13:13.213857;-2,202666;-3,428497;9,157822
2025-04-22 00:16:26.827302;-3,488352;-4,204218;8,118738
2025-04-22 00:19:40.440748;0,878672;-3,608062;9,121908
2025-04-22 00:22:54.054193;2,798822;3,823540;8,848969
2025-04-22 00:26:07.667638;2,822764;3,665523;8,841787
2025-04-22 00:29:21.281084;-0,842759;-5,518635;10,309433
2025-04-22 00:32:34.894529;2,770091;-8,542512;3,521871
2025-04-22 00:35:48.507974;0,397437;-1,515530;7,580042
2025-04-22 00:39:02.121420;-0,004788;-3,172317;8,494628
2025-04-22 00:42:15.734865;-0,351948;-4,381389;11,185710
2025-04-22 00:45:29.348311;0,727837;-3,136404;8,954314
2025-04-22 00:48:42.961756;-2,288857;-0,244209;8,676587
2025-04-22 00:51:56.575201;-2,446874;7,005434;8,343793
2025-04-22 00:55:10.188647;-3,110068;3,007117;8,090008
2025-04-22 00:58:23.802092;-12,746730;-4,062960;4,905719
2025-04-22 01:01:37.415537;2,245761;-8,832211;0,648829
2025-04-22 01:04:51.028983;0,991199;1,036689;10,050858
2025-04-22 01:08:04.642428;2,607286;3,727772;8,875306
2025-04-22 01:11:18.255874;2,200271;9,294291;-3,057395
2025-04-22 01:14:31.869319;3,064578;-6,335058;6,732495
2025-04-22 01:17:45.482764;3,059790;-6,279991;6,847417
2025-04-22 01:20:59.096210;-5,209783;-5,090073;4,900931
2025-04-22 01:24:12.709655;5,099649;-6,900089;-0,768539
2025-04-22 01:27:26.323100;7,196970;-4,903325;0,909797
2025-04-22 01:30:39.936546;-3,919308;-0,292093;10,024523
2025-04-22 01:33:53.549991;1,343147;6,639122;5,453991
2025-04-22 01:37:07.163437;0,361524;5,212177;6,545747
2025-04-22 01:40:20.776882;-3,485958;7,252037;7,618350
2025-04-22 01:43:34.390327;-0,428562;8,135497;7,642292
2025-04-22 01:46:48.003773;-0,179565;5,346252;5,758055
2025-04-22 01:50:01.617218;0,237026;5,987898;6,244078
2025-04-22 01:53:15.230663;0,924162;1,273715;6,849811
2025-04-22 01:56:28.844109;-2,760514;-4,584896;10,271125
2025-04-22 01:59:42.457554;-3,562572;-4,000711;6,854599
2025-04-22 02:02:56.071000;-5,858612;-7,484274;7,570466
2025-04-22 02:06:09.684445;-8,161834;-6,143522;6,799533
2025-04-22 02:09:23.297890;-6,057330;-4,905719;4,948815
2025-04-22 02:12:36.911336;1,814805;-1,898602;9,339781
2025-04-22 02:15:50.524781;1,699883;-3,301604;9,114726
2025-04-22 02:19:04.138226;1,680730;-4,388572;8,683769
2025-04-22 02:22:17.751672;1,716643;-4,338294;8,588001
2025-04-22 02:25:31.365117;-14,499286;-4,527435;2,394202
2025-04-22 02:28:44.978563;-3,213019;5,370194;6,962338
2025-04-22 02:31:58.592008;-7,163452;5,564125;8,224083
2025-04-22 02:35:12.205453;-6,248867;3,770868;6,746861
2025-04-22 02:38:25.818899;-0,107739;0,045490;9,811439
2025-04-22 02:41:39.432344;0,761356;-8,372523;-1,618480
2025-04-22 02:44:53.045790;-1,877054;-6,677429;8,082825
2025-04-22 02:48:06.659235;-8,532935;-1,893813;3,335123
2025-04-22 02:51:20.272680;-7,132327;-2,908955;4,314352
2025-04-22 02:54:33.886126;-8,956709;-2,693477;2,020706
2025-04-22 02:57:47.499571;-0,497994;2,279280;8,923190
2025-04-22 03:01:01.113016;-3,397372;-1,096544;3,746926
2025-04-22 03:04:14.726462;0,885855;7,807492;6,440403
2025-04-22 03:07:28.339907;0,521936;7,855376;6,359000
2025-04-22 03:10:41.953353;-0,622492;-4,187459;8,473080
2025-04-22 03:13:55.566798;-3,538630;10,242394;0,390255
2025-04-22 03:17:09.180243;-2,535460;0,718261;10,436325
2025-04-22 03:20:22.793689;-3,303998;-0,418985;9,682152
2025-04-22 03:23:36.407134;-4,845864;-0,105345;7,577648
2025-04-22 03:26:50.020579;-6,196194;2,023100;3,643975
2025-04-22 03:30:03.634025;-0,421380;-3,825934;8,755595
2025-04-22 03:33:17.247470;-4,685453;-10,896012;-2,224213
2025-04-22 03:36:30.860916;7,383718;4,778827;5,542577
2025-04-22 03:39:44.474361;5,887342;4,302381;5,623980
2025-04-22 03:42:58.087806;5,686229;-1,436521;8,475474
2025-04-22 03:46:11.701252;0,198719;-8,573636;4,632780
2025-04-22 03:49:25.314697;-1,898602;11,168951;6,095637
2025-04-22 03:52:38.928142;2,645593;-9,504981;6,706159
2025-04-22 03:55:52.541588;2,518700;-6,907272;6,406884
2025-04-22 03:59:06.155033;-1,814805;0,746991;9,756371
2025-04-22 04:02:19.768479;-2,473210;0,703895;9,557653
2025-04-22 04:05:33.381924;-0,588974;-2,932897;9,234436
2025-04-22 04:08:46.995369;-0,914585;-1,742979;9,612720
2025-04-22 04:12:00.608815;8,176199;-1,754950;5,473145
2025-04-22 04:15:14.222260;-2,185906;-1,563414;9,457097
2025-04-22 04:18:27.835705;-10,175357;-4,271256;0,450110
2025-04-22 04:21:41.449151;-2,633622;-3,469198;7,230489
2025-04-22 04:24:55.062596;-1,154005;4,963180;8,975863
2025-04-22 04:28:08.676042;-1,266533;6,081272;8,274361
2025-04-22 04:31:22.289487;-1,144428;4,733337;8,334216
2025-04-22 04:34:35.902932;-1,369483;5,880159;7,733272
2025-04-22 04:37:49.516378;-1,407791;4,039018;7,465121
2025-04-22 04:41:03.129823;-2,401384;3,775656;8,808268
2025-04-22 04:44:16.743269;-1,043872;3,744531;9,126697
2025-04-22 04:47:30.356714;-0,758962;4,371812;8,875306
2025-04-22 04:50:43.970159;-1,249773;3,612850;9,473856
2025-04-22 04:53:57.583605;0,045490;2,080561;8,901642
2025-04-22 04:57:11.197050;-1,161188;3,869030;8,738836
2025-04-22 05:00:24.810495;-0,945710;4,367024;8,657434
2025-04-22 05:03:38.423941;-3,296816;2,327164;9,710882
2025-04-22 05:06:52.037386;-3,423708;1,096544;8,631097
2025-04-22 05:10:05.650832;-3,591303;3,339911;8,300697
2025-04-22 05:13:19.264277;-2,456451;2,887407;9,088389
2025-04-22 05:16:32.877722;-2,609680;3,945644;8,398860
2025-04-22 05:19:46.491168;1,419762;0,323217;9,844957
2025-04-22 05:23:00.104613;1,922544;-6,212954;6,536170
2025-04-22 05:26:13.718058;-0,351948;2,152387;9,615114
2025-04-22 05:29:27.331504;0,201113;1,568202;9,698911
2025-04-22 05:32:40.944949;-3,567361;-0,138864;11,693281
2025-04-22 05:35:54.558395;-4,912902;8,846576;-1,233014
2025-04-22 05:39:08.171840;-11,501745;-3,988740;0,088585
2025-04-22 05:42:21.785285;-8,995016;0,280122;1,649605
2025-04-22 05:45:35.398731;-8,171411;-4,046201;-0,402226
2025-04-22 05:48:49.012176;0,605733;-8,528147;-13,469779
2025-04-22 05:52:02.625621;-7,359776;-5,178658;2,966416
2025-04-22 05:55:16.239067;-4,252102;-7,632715;-6,792350
2025-04-22 05:58:29.852512;-7,026982;-10,280702;-4,371812
2025-04-22 06:01:43.465958;-1,520318;-7,302315;-6,019023
2025-04-22 06:04:57.079403;-8,779537;-2,932897;2,473210
2025-04-22 06:08:10.692848;-5,204995;-6,766014;4,307169
2025-04-22 06:11:24.306294;-4,048595;-7,826645;3,713407
2025-04-22 06:14:37.919739;-1,163582;-4,180276;-7,371747
2025-04-22 06:17:51.533184;-1,905785;-8,058883;5,046977
2025-04-22 06:21:05.146630;3,050213;-7,115568;7,242460
2025-04-22 06:24:18.760075;2,305616;3,088520;5,451597
2025-04-22 06:27:32.373521;2,568978;-6,849811;-5,633556
2025-04-22 06:30:45.986966;2,557007;9,301474;-2,432509
2025-04-22 06:33:59.600411;0,837971;1,675941;9,627085
2025-04-22 06:37:13.213857;1,082179;1,817199;9,521740
2025-04-22 06:40:26.827302;0,766145;1,414973;9,804255
2025-04-22 06:43:40.440748;0,797269;1,455675;9,715671
2025-04-22 06:46:54.054193;0,328006;7,407660;6,840234
2025-04-22 06:50:07.667638;-0,079009;6,651093;8,583213
2025-04-22 06:53:21.281084;4,503493;-5,382165;5,260061
2025-04-22 06:56:34.894529;6,955156;-2,274492;1,520318
2025-04-22 06:59:48.507974;-1,884237;2,765303;9,112331
2025-04-22 07:03:02.121420;-1,570596;1,984793;9,495404
2025-04-22 07:06:15.734865;-1,948880;1,019930;10,170568
2025-04-22 07:09:29.348311;3,165135;-1,414973;4,654328
2025-04-22 07:12:42.961756;1,841141;-8,880095;0,464475
2025-04-22 07:15:56.575201;-1,754950;-4,479551;8,437167
2025-04-22 07:19:10.188647;-1,027112;-3,210624;9,138668
2025-04-22 07:22:23.802092;-1,034295;-3,244143;9,124303
2025-04-22 07:25:37.415537;-0,967257;-1,383849;9,682152
2025-04-22 07:28:51.028983;-0,392649;1,359907;9,792285
2025-04-22 07:32:04.642428;2,571373;3,701436;8,870518
2025-04-22 07:35:18.255874;2,612074;3,722984;8,853758
2025-04-22 07:38:31.869319;2,030283;-7,151481;6,270414
2025-04-22 07:41:45.482764;3,057395;-6,241684;6,833052
2025-04-22 07:44:59.096210;0,438139;-1,343147;9,588778
2025-04-22 07:48:12.709655;6,995857;-5,777209;-0,126893
2025-04-22 07:51:26.323100;6,198588;-8,020576;-1,012747
2025-04-22 07:54:39.936546;1,580173;-3,847482;9,114726
2025-04-22 07:57:53.549991;0,244209;6,315904;4,599261
2025-04-22 08:01:07.163437;3,122039;7,999028;8,894460
2025-04-22 08:04:20.776882;1,968034;8,063671;8,140285
2025-04-22 08:07:34.390327;0,462081;6,189012;5,008670
2025-04-22 08:10:48.003773;-1,532289;6,313510;8,422802
2025-04-22 08:14:01.617218;-2,499547;7,003040;9,050082
2025-04-22 08:17:15.230663;-2,310405;5,188235;7,074866
2025-04-22 08:20:28.844109;-0,708684;-0,067038;9,344569
2025-04-22 08:23:42.457554;-4,103662;-4,632780;6,536170
2025-04-22 08:26:56.071000;-3,502717;-5,762844;8,767567
2025-04-22 08:30:09.684445;-3,627216;-5,360618;3,564966
2025-04-22 08:33:23.297890;-11,109096;-6,155493;3,754108
2025-04-22 08:36:36.911336;1,793257;-1,216254;9,481039
2025-04-22 08:39:50.524781;1,742979;-3,236961;9,071630
2025-04-22 08:43:04.138226;1,663970;-4,599261;8,540117
2025-04-22 08:46:17.751672;1,534683;-3,107674;9,157822
2025-04-22 08:49:31.365117;1,719037;-4,304775;8,604761
2025-04-22 08:52:44.978563;-2,975993;4,539406;8,042124
2025-04-22 08:55:58.592008;-5,942409;6,074090;6,476315
2025-04-22 08:59:12.205453;-6,332664;4,187459;6,449979
2025-04-22 09:02:25.818899;1,496376;4,175488;8,561666
2025-04-22 09:05:39.432344;1,517924;4,182671;8,614338
2025-04-22 09:08:53.045790;1,422156;4,060566;8,655039
2025-04-22 09:12:06.659235;1,359907;3,761291;8,781932
2025-04-22 09:15:20.272680;8,271967;-1,527501;4,996699
2025-04-22 09:18:33.886126;8,039729;-2,092532;5,719748
2025-04-22 09:21:47.499571;8,082825;-2,025495;5,592855
2025-04-22 09:25:01.113016;8,085219;-1,740585;5,676652
2025-04-22 09:28:14.726462;8,125920;-1,862689;5,568913
2025-04-22 09:31:28.339907;7,984663;-1,577779;5,758055
2025-04-22 09:34:41.953353;8,082825;-1,843535;5,465962
2025-04-22 09:37:55.566798;8,130709;-1,709460;5,303157
2025-04-22 09:41:09.180243;7,967903;-1,726219;5,602432
2025-04-22 09:44:22.793689;8,061277;-1,790863;5,571307
2025-04-22 09:47:36.407134;8,094796;-1,568202;5,552154
2025-04-22 09:50:50.020579;8,020576;-1,812411;5,525817
2025-04-22 09:54:03.634025;8,082825;-1,716643;5,499481
2025-04-22 09:57:17.247470;0,928950;-9,430760;0,711078
2025-04-22 10:00:30.860916;1,460463;-9,653421;0,237026
2025-04-22 10:03:44.474361;1,321599;-9,550470;0,464475
2025-04-22 10:06:58.087806;1,292869;-9,545682;0,557849
2025-04-22 10:10:11.701252;1,223437;-9,607931;0,600945
2025-04-22 10:13:25.314697;1,340753;-9,562442;0,521936
2025-04-22 10:16:38.928142;1,338359;-9,564836;0,502782
2025-04-22 10:19:52.541588;1,302446;-9,536105;0,488417
2025-04-22 10:23:06.155033;1,376666;-9,548077;0,622492
2025-04-22 10:26:19.768479;1,323994;-9,548077;0,569820
2025-04-22 10:29:33.381924;-0,684742;-3,315969;8,798691
2025-04-22 10:32:46.995369;-0,466869;-3,655946;8,781932
2025-04-22 10:36:00.608815;-0,691924;-3,373430;8,786720
2025-04-22 10:39:14.222260;1,561020;-3,813963;9,191340
2025-04-22 10:42:27.835705;3,931279;-1,110910;8,707711
2025-04-22 10:45:41.449151;-2,655170;7,536947;9,246407
2025-04-22 10:48:55.062596;-0,043096;-1,388637;9,787497
2025-04-22 10:52:08.676042;-2,185906;-0,349553;9,641450
2025-04-22 10:55:22.289487;-2,300828;-2,458845;8,856153
2025-04-22 10:58:35.902932;-1,000776;3,409343;8,841787
2025-04-22 11:01:49.516378;-0,304064;3,074155;8,080431
2025-04-22 11:05:03.129823;1,467646;5,090073;7,797915
2025-04-22 11:08:16.743269;1,750161;4,338294;8,540117
2025-04-22 11:11:30.356714;1,204283;5,061342;8,406042
2025-04-22 11:14:43.970159;0,924162;-3,205836;8,916007
2025-04-22 11:17:57.583605;0,962469;-2,765303;9,270349
2025-04-22 11:21:11.197050;1,261744;-2,923320;9,244013
2025-04-22 11:24:24.810495;-1,584962;-0,572214;9,301474
2025-04-22 11:27:38.423941;-1,572991;0,502782;9,399636
2025-04-22 11:30:52.037386;-1,616086;0,964863;9,514558
2025-04-22 11:34:05.650832;-1,493982;-0,088585;9,519346
2025-04-22 11:37:19.264277;-2,099715;0,047884;9,160215
2025-04-22 11:40:32.877722;-1,898602;-0,988805;8,777143
2025-04-22 11:43:46.491168;-1,079785;0,730232;9,512163
2025-04-22 11:47:00.104613;-1,381454;0,543484;9,416395
2025-04-22 11:50:13.718058;1,374272;-1,625663;9,311050
2025-04-22 11:53:27.331504;-1,302446;-1,788469;9,260772
2025-04-22 11:56:40.944949;-1,424550;0,404620;9,612720
2025-04-22 11:59:54.558395;2,173935;-2,422932;8,913613
2025-04-22 12:03:08.171840;3,684676;-2,044648;8,717288
2025-04-22 12:06:21.785285;0,021548;-3,059790;10,113108
2025-04-22 12:09:35.398731;-0,766145;-0,952892;8,834604
2025-04-22 12:12:49.012176;0,972046;-1,972822;9,761160
2025-04-22 12:16:02.625621;3,768473;-5,968745;8,070854
2025-04-22 12:19:16.239067;2,942474;-4,560954;5,853823
2025-04-22 12:22:29.852512;0,251391;0,169988;10,924743
2025-04-22 12:25:43.465958;-2,391808;2,899378;6,809110
2025-04-22 12:28:57.079403;2,892196;-8,918402;-3,347094
2025-04-22 12:32:10.692848;-6,411672;-0,536301;5,882554
2025-04-22 12:35:24.306294;-2,420538;-0,675165;8,810662
2025-04-22 12:38:37.919739;1,170765;1,716643;8,671799
2025-04-22 12:41:51.533184;0,835576;-0,763750;10,156203
2025-04-22 12:45:05.146630;4,034230;-1,398214;6,636727
2025-04-22 12:48:18.760075;1,474828;-1,400608;9,734824
2025-04-22 12:51:32.373521;1,321599;-2,863465;6,071695
2025-04-22 12:54:45.986966;3,708618;-10,462662;10,783484
2025-04-22 12:57:59.600411;0,330400;-2,442086;10,319010
2025-04-22 13:01:13.213857;-1,177947;-6,550536;7,790732
2025-04-22 13:04:26.827302;2,789245;-2,238579;12,332533
2025-04-22 13:07:40.440747;1,240196;-0,624887;7,314286
2025-04-22 13:10:54.054193;1,719037;-0,603339;6,806715
2025-04-22 13:14:07.667638;3,881001;-1,683124;7,338228
2025-04-22 13:17:21.281084;1,211466;2,628834;11,264719
2025-04-22 13:20:34.894529;2,454057;-0,090980;10,979809
2025-04-22 13:23:48.507974;0,893037;1,414973;8,588001
2025-04-22 13:27:02.121420;0,292093;-2,442086;3,505111
2025-04-22 13:30:15.734865;11,944673;-9,859323;4,671088
2025-04-22 13:33:29.348311;-4,335899;1,656788;-10,510546
2025-04-22 13:36:42.961756;-2,545036;0,323217;-7,874529
2025-04-22 13:39:56.575201;-5,097255;-5,267244;-12,143391
2025-04-22 13:43:10.188647;-2,396596;-5,930438;-5,240908
2025-04-22 13:46:23.802092;7,278373;-3,363853;0,998382
2025-04-22 13:49:37.415537;0,064643;-3,241749;0,735020
2025-04-22 13:52:51.028983;0,694318;-5,566519;5,336676
2025-04-22 13:56:04.642428;1,000776;-4,865018;1,180341
2025-04-22 13:59:18.255874;0,483629;-13,986926;-2,023100
2025-04-22 14:02:31.869319;0,337582;-15,916653;-1,223437
2025-04-22 14:05:45.482764;-1,505953;-6,172252;-0,486023
2025-04-22 14:08:59.096210;0,421380;-3,222595;2,856283
2025-04-22 14:12:12.709655;3,205836;-10,105926;8,013393
2025-04-22 14:15:26.323100;-3,490746;-9,308656;7,316680
2025-04-22 14:18:39.936546;-0,507571;-6,076484;2,724602
2025-04-22 14:21:53.549991;0,684742;-4,747702;6,703765
2025-04-22 14:25:07.163437;-1,067814;-4,807557;0,679953
2025-04-22 14:28:20.776882;-0,581791;-10,314221;-4,247314
2025-04-22 14:31:34.390327;5,310339;-6,119579;-0,284910
2025-04-22 14:34:48.003773;6,042965;-2,729390;2,252944
2025-04-22 14:38:01.617218;6,311116;-2,674323;0,502782
2025-04-22 14:41:15.230663;8,111555;-7,802703;-1,139640
2025-04-22 14:44:28.844109;1,810017;10,951078;0,835576
2025-04-22 14:47:42.457554;1,017536;8,334216;4,065354
2025-04-22 14:50:56.071000;0,940921;9,696517;3,145981
2025-04-22 14:54:09.684445;2,834735;9,576807;1,989582
2025-04-22 14:57:23.297890;2,595315;8,640674;5,432444
2025-04-22 15:00:36.911336;1,539472;7,881712;5,911284
2025-04-22 15:03:50.524781;2,109292;5,255273;5,990293
2025-04-22 15:07:04.138226;-0,074220;10,793061;0,385466
2025-04-22 15:10:17.751672;-3,088520;5,911284;2,384625
2025-04-22 15:13:31.365117;5,497087;0,538695;9,224859
2025-04-22 15:16:44.978563;4,249708;9,179369;-1,570596
2025-04-22 15:19:58.592008;4,146757;9,133880;-1,695095
2025-04-22 15:23:12.205453;3,689465;10,896012;0,306458
2025-04-22 15:26:25.818899;4,450821;9,227253;-0,447716
2025-04-22 15:29:39.432344;5,224148;8,248025;-1,055843
2025-04-22 15:32:53.045790;4,673482;8,815451;-0,519542
2025-04-22 15:36:06.659235;1,108515;8,293514;0,723049
2025-04-22 15:39:20.272680;3,315969;9,622296;-1,501164
2025-04-22 15:42:33.886126;3,208230;9,744401;-1,821988
2025-04-22 15:45:47.499571;2,540248;9,595961;-1,874660
2025-04-22 15:49:01.113016;-10,002975;3,260903;-5,990293
2025-04-22 15:52:14.726462;2,006341;9,679757;1,587356
2025-04-22 15:55:28.339907;-0,023942;8,291121;4,501099
2025-04-22 15:58:41.953353;0,301669;7,527370;5,011064
2025-04-22 16:01:55.566798;0,016759;8,013393;5,255273
2025-04-22 16:05:09.180243;2,624045;6,991069;6,471527
2025-04-22 16:08:22.793689;-1,644817;2,492364;9,320627
2025-04-22 16:11:36.407134;1,276109;1,668759;9,229648
2025-04-22 16:14:50.020579;3,174711;7,266402;5,420473
2025-04-22 16:18:03.634025;3,488352;7,479486;5,612009
2025-04-22 16:21:17.247470;4,106056;8,322245;5,892130
2025-04-22 16:24:30.860916;3,268085;6,528988;7,467515
2025-04-22 16:27:44.474361;3,122039;6,387730;7,177817
2025-04-22 16:30:58.087806;3,533842;6,418855;7,601591
2025-04-22 16:34:11.701252;-0,418985;6,287174;8,501810
2025-04-22 16:37:25.314697;0,703895;0,325611;9,504981
2025-04-22 16:40:38.928142;-0,816423;1,350330;9,761160
2025-04-22 16:43:52.541588;0,598550;0,253785;9,469068
2025-04-22 16:47:06.155033;0,177171;0,253785;9,354146
2025-04-22 16:50:19.768479;0,873884;-0,579397;9,124303
2025-04-22 16:53:33.381924;0,790087;1,053449;9,567230
2025-04-22 16:56:46.995369;0,854730;1,003170;9,409213
2025-04-22 17:00:00.608815;1,065420;0,581791;9,131485
2025-04-22 17:03:14.222260;0,835576;1,216254;9,586384
2025-04-22 17:06:27.835705;1,218649;0,766145;9,564836
2025-04-22 17:09:41.449151;0,928950;0,562637;9,701305
2025-04-22 17:12:55.062596;-0,852336;-0,450110;8,688558
2025-04-22 17:16:08.676042;0,885855;0,488417;9,402030
2025-04-22 17:19:22.289487;0,895431;1,003170;9,476251
2025-04-22 17:22:35.902932;0,857124;0,806846;9,466674
2025-04-22 17:25:49.516378;-8,619126;4,627992;10,477027
2025-04-22 17:29:03.129823;0,481235;-0,292093;9,035717
2025-04-22 17:32:16.743269;0,699107;0,263362;9,284714
2025-04-22 17:35:30.356714;0,818817;0,052672;9,279925
2025-04-22 17:38:43.970159;0,806846;0,280122;9,452309
2025-04-22 17:41:57.583605;-0,742203;3,876213;8,832211
2025-04-22 17:45:11.197050;-0,672771;4,163517;8,619126
2025-04-22 17:48:24.810495;2,339135;5,523423;7,838616
2025-04-22 17:51:38.423941;1,187524;2,954445;9,038112
2025-04-22 17:54:52.037386;3,095703;2,985569;9,090784
